Alabama,history,sports
Alaska,wildlife,fishing,mountains,wilderness,glaciers,water sports,mountain sports
Arizona,desert,mountains,mines
Arkansas,history,springs,water sports
California,beaches,mountains,wilderness,business & industry,water sports
Colorado,mountains,springs,mines,water sports,mountain sports
Connecticut,casinos,wilderness
Delaware,beaches,business & industry
Florida,beaches,fishing,springs,wildlife,water sports,parks,parks
Georgia,wilderness
Hawaii,beaches,history,waterfalls,water sports,volcanoes
Idaho,springs,wilderness,water sports
Illinois,food,history,cityscape
Indiana,farms
Iowa,farms
Kansas,farms
Kentucky,food,caves
Louisiana,food,casinos
Maine,wilderness,food,water sports,wildlife
Maryland,food,sports
Massachusetts,history,sports
Michigan,lakes,food
Minnesota,lakes,fishing,water sports
Mississippi,casinos,farms
Missouri,history,springs,caves
Montana,wilderness
Nebraska,farms,sports
Nevada,desert,casinos
New Hampshire,lakes,mountain sports
New Jersey,casinos,parks
New Mexico,food,cityscape
New York,business & industry,history,cityscape,food
North Carolina,beaches,sports,water sports,food
North Dakota,mines
Ohio,casinos,sports
Oregon,springs,waterfalls,water sports
Pennsylvania,food,mines
Rhode Island,food,water sports
South Carolina,beaches,sports
South Dakota,mines
Tennessee,food,mountains
Texas,food,sports,mines,springs,mountains
Utah,mountains,parks,mountain sports
Vermont,food,wilderness,mountain sports,cityscape
Virginia,history,cityscape,food
Washington,mountains,wilderness,water sports,volcanoes
West Virginia,mines,water sports
Wisconsin,food,parks
Wyoming,springs,wildlife
Washington DC,cityscape,history
